{
    "mean": {
        "learning_rate": 0.039021709280046314,
        "num_leaves": 65,
        "max_depth": 7,
        "min_child_samples": 28,
        "subsample": 0.7169143404809518,
        "colsample_bytree": 0.695622778798847
    },
    "90": {
        "learning_rate": 0.04522445552665529,
        "num_leaves": 70,
        "max_depth": 6,
        "min_child_samples": 47,
        "subsample": 0.7827779868631538,
        "colsample_bytree": 0.7268289952033784
    },
    "50": {
        "learning_rate": 0.011900590783184251,
        "num_leaves": 76,
        "max_depth": 7,
        "min_child_samples": 41,
        "subsample": 0.6061753482887408,
        "colsample_bytree": 0.8909729556485984
    },
    "10": {
        "learning_rate": 0.015647311594617314,
        "num_leaves": 75,
        "max_depth": 6,
        "min_child_samples": 37,
        "subsample": 0.6204702758432262,
        "colsample_bytree": 0.7402721687739682
    }
}