{
    "mean": {
        "learning_rate": 0.054319499053993636,
        "num_leaves": 55,
        "max_depth": 6,
        "min_child_samples": 60,
        "subsample": 0.8222907250502418,
        "subsample_freq": 6,
        "colsample_bytree": 0.8154079042838371,
        "lambda_l1": 0.5114185707016987,
        "lambda_l2": 0.005049399474043703,
        "min_split_gain": 0.24179023986129478,
        "n_estimators": 635
    },
    "90": {
        "learning_rate": 0.04850458849301837,
        "num_leaves": 48,
        "max_depth": 8,
        "min_child_samples": 24,
        "subsample": 0.8794499214700386,
        "subsample_freq": 6,
        "colsample_bytree": 0.7404216527098098,
        "lambda_l1": 1.9588511835454891,
        "lambda_l2": 2.3581857803657345,
        "min_split_gain": 0.24592559519420237,
        "n_estimators": 459
    },
    "50": {
        "learning_rate": 0.03001630788558275,
        "num_leaves": 98,
        "max_depth": 7,
        "min_child_samples": 44,
        "subsample": 0.9326394391787103,
        "subsample_freq": 1,
        "colsample_bytree": 0.9165273256215957,
        "lambda_l1": 1.483999632150293,
        "lambda_l2": 2.6629470290120234,
        "min_split_gain": 0.43667544757509297,
        "n_estimators": 461
    },
    "10": {
        "learning_rate": 0.021722408718189604,
        "num_leaves": 71,
        "max_depth": 6,
        "min_child_samples": 41,
        "subsample": 0.8498840712788381,
        "subsample_freq": 3,
        "colsample_bytree": 0.9198751989720175,
        "lambda_l1": 1.1447934552688257,
        "lambda_l2": 1.2306612677679296,
        "min_split_gain": 0.22316100422501808,
        "n_estimators": 685
    }
}